{
 "detectors": {
  "aiEmbeddingModelChange": {
   "global_lift": {
    "high_95": 1.25066422899199,
    "low_95": 0.6359235404212185
   }
  },
  "aiHardcodedAPIKey": {
   "global_lift": {
    "high_95": 8.735009631968182,
    "low_95": 0.9454543659501161
   }
  },
  "aiModelDeprecationRisk": {
   "global_lift": {
    "high_95": 1.3688810345031248,
    "low_95": 0.9595003189828166
   }
  },
  "aiNonDeterministicEval": {
   "global_lift": {
    "high_95": 3.0162431660222953,
    "low_95": 0.9127123033862355
   }
  },
  "aiPromptInjectionRisk": {
   "global_lift": {
    "high_95": 1.119638498576023,
    "low_95": 0.5755936622515286
   }
  },
  "aiPromptVersioning": {
   "global_lift": {
    "high_95": 49.41052536494653,
    "low_95": 10.318433919466107
   }
  },
  "aiSafetyEvalMissing": {
   "global_lift": {
    "high_95": 1.0808542092890434,
    "low_95": 0.8657539144312129
   }
  },
  "aiToolWithoutSandbox": {
   "global_lift": {
    "high_95": 7.2143396937286495,
    "low_95": 1.55874991135024
   }
  },
  "assertionFreeImport": {
   "global_lift": {
    "high_95": 0.6961367083125034,
    "low_95": 0.10862626964182523
   }
  },
  "assertionFreeTest": {
   "global_lift": {
    "high_95": 0.8740292965095848,
    "low_95": 0.22530607231381766
   }
  },
  "blastRadiusHotspot": {
   "global_lift": {
    "high_95": 1.4749099683735067,
    "low_95": 1.247362603873985
   }
  },
  "configSchemaDrift": {
   "global_lift": {
    "high_95": 1.041147389236677,
    "low_95": 0.48218476510598907
   }
  },
  "customMatcherRisk": {
   "global_lift": {
    "high_95": 2.088558014993344,
    "low_95": 0.08269019500059532
   }
  },
  "deprecatedTestPattern": {
   "global_lift": {
    "high_95": 2.6969954112432926,
    "low_95": 1.5236694292486004
   }
  },
  "depsDriftRisk": {
   "global_lift": {
    "high_95": 1.7692043760470406,
    "low_95": 1.3778968095455677
   }
  },
  "detectorBudgetExceeded": {},
  "dynamicTestGeneration": {
   "global_lift": {
    "high_95": 3.5241480450353384,
    "low_95": 1.7149725204357327
   }
  },
  "fixtureFragilityHotspot": {
   "global_lift": {
    "high_95": 2.6080441305403923,
    "low_95": 0.7935231318003816
   }
  },
  "frameworkMigration": {},
  "migrationBlocker": {
   "global_lift": {
    "high_95": 7.211936135941683,
    "low_95": 0.5439659104310468
   }
  },
  "mockHeavyTest": {
   "global_lift": {
    "high_95": 2.261386724725535,
    "low_95": 1.1022749489420933
   }
  },
  "orphanedTestFile": {
   "global_lift": {
    "high_95": 0.7418955660839053,
    "low_95": 0.3287103419850793
   }
  },
  "promptFileMissingEval": {
   "global_lift": {
    "high_95": 1.1845811057185072,
    "low_95": 0.9210634995000142
   }
  },
  "snapshotHeavyTest": {
   "global_lift": {
    "high_95": 16.294489084976572,
    "low_95": 3.734000176107077
   }
  },
  "staticSkippedTest": {
   "global_lift": {
    "high_95": 1.4120180575021708,
    "low_95": 0.9502975328916127
   }
  },
  "testsOnlyMocks": {
   "global_lift": {
    "high_95": 7.270872375501859,
    "low_95": 0.02695916178963138
   }
  },
  "uncoveredAISurface": {
   "global_lift": {
    "high_95": 1.1510525750627443,
    "low_95": 0.9489614300530997
   }
  },
  "unsupportedSetup": {
   "global_lift": {
    "high_95": 2.661192140640889,
    "low_95": 0.010207417826504759
   }
  },
  "untestedExport": {
   "global_lift": {
    "high_95": 0.9304380425560542,
    "low_95": 0.7601546471753242
   }
  },
  "weakAssertion": {
   "global_lift": {
    "high_95": 0.98484163005198,
    "low_95": 0.4865464487630167
   }
  }
 },
 "schema_version": "1"
}